Name;Age;Date of Birth;Birth Country;Occupation
John Doe;34;1989-05-12;US;Software Engineer
Jane Smith;28;1995-08-23;CA;Graphic Designer
Alice Johnson;42;1981-03-17;GB;Teacher
Bob Brown;31;1992-11-30;AU;Accountant
Charlie Davis;25;1998-07-14;NZ;Journalist
Diana Evans;37;1986-01-19;IE;Nurse
Ethan Green;29;1994-09-05;US;Marketing Manager
Fiona Harris;45;1978-12-22;GB;Doctor
George Clark;22;2001-04-10;CA;Student
Hannah Lewis;33;1990-06-15;AU;Chef
Ian Walker;40;1983-02-28;NZ;Architect
Julia Hall;27;1996-10-11;IE;Artist
Kevin Young;38;1985-07-03;US;Lawyer
Laura Allen;24;1999-08-09;CA;Web Developer
Michael King;50;1973-05-25;GB;Engineer
Nina Scott;36;1987-11-18;AU;Photographer
Oscar Wright;32;1991-09-07;NZ;Writer
Paula Adams;41;1982-04-30;IE;Psychologist
Quincy Baker;23;2000-03-12;US;Student
Rachel Carter;39;1984-06-20;CA;Consultant
Samuel Perez;26;1997-12-14;GB;Musician
Tina Roberts;44;1979-10-08;AU;Dentist
Ulysses Turner;31;1992-02-25;NZ;Pilot
Victoria Phillips;35;1988-08-03;IE;Veterinarian
Walter Campbell;29;1994-01-17;US;Data Scientist
Xena Mitchell;47;1976-07-22;CA;Professor
Yvonne Perez;30;1993-05-19;GB;Journalist
Zachary Lee;28;1995-11-11;AU;Designer
Aaron Hernandez;33;1990-09-28;NZ;Teacher
Bella Gomez;22;2001-12-05;IE;Student
Cameron Reed;40;1983-04-15;US;Engineer
Daisy Flores;25;1998-06-30;CA;Artist
Eliot Sanders;38;1985-03-12;GB;Doctor
Felicia Price;27;1996-10-22;AU;Nurse
Gabriel Simmons;45;1978-08-17;NZ;Lawyer
Hazel Butler;34;1989-02-14;IE;Chef
Ivan Foster;31;1992-07-09;US;Architect
Jasmine Barnes;26;1997-05-03;CA;Web Developer
Kai Coleman;39;1984-11-28;GB;Photographer
Luna Patterson;24;1999-09-15;AU;Writer
Mason Hughes;42;1981-12-10;NZ;Psychologist
Nora Simmons;29;1994-04-18;IE;Consultant
Owen Bryant;36;1987-01-23;US;Musician
Penelope Griffin;23;2000-08-07;CA;Dentist
Quinn West;37;1986-05-20;GB;Pilot
Riley Hayes;32;1991-10-12;AU;Veterinarian
Savannah Nelson;41;1982-03-25;NZ;Data Scientist
Theo Cook;28;1995-06-08;IE;Professor
Uma Bennett;35;1988-09-30;US;Journalist
Victor Gray;30;1993-02-14;CA;Designer
Willow Rivera;44;1979-07-19;GB;Teacher
Xander Ward;27;1996-11-05;AU;Student
Yara Cox;33;1990-04-28;NZ;Engineer
Zane Howard;26;1997-08-12;IE;Artist
Abigail Torres;40;1983-01-15;US;Doctor
Benjamin Nguyen;25;1998-10-30;CA;Nurse
Chloe Kim;38;1985-12-22;GB;Lawyer
Daniel Park;29;1994-03-17;AU;Chef
Eliana Ruiz;37;1986-06-09;NZ;Architect
Finn Morgan;24;1999-05-14;IE;Web Developer
Gianna Brooks;43;1980-09-28;US;Photographer
Henry Wood;31;1992-08-03;CA;Writer
Isla Bennett;28;1995-01-26;GB;Psychologist
Jaxon Reed;39;1984-04-12;AU;Consultant
Kylie Hayes;22;2001-07-19;NZ;Musician
Liam Foster;36;1987-02-14;IE;Dentist
Maya Simmons;27;1996-11-30;US;Pilot
Nathan Rivera;34;1989-10-08;CA;Veterinarian
Olivia Cook;41;1982-05-23;GB;Data Scientist
Parker Hughes;23;2000-12-17;AU;Professor
Quinn Patel;35;1988-03-10;NZ;Journalist
Riley Gray;30;1993-06-22;IE;Designer
Sofia Bennett;44;1979-01-15;US;Teacher
Tyler Ward;26;1997-09-28;CA;Student
Uma Flores;38;1985-08-12;GB;Engineer
Victor Powell;29;1994-02-05;AU;Artist
Willow Simmons;37;1986-07-19;NZ;Doctor
Xander Brooks;24;1999-04-30;IE;Nurse
Yara Morgan;42;1981-11-14;US;Lawyer
Zane Kim;28;1995-03-08;CA;Chef
Abigail Park;33;1990-12-22;GB;Architect
Benjamin Ruiz;25;1998-06-15;AU;Web Developer
Chloe Morgan;40;1983-09-28;NZ;Photographer
Daniel Brooks;27;1996-02-14;IE;Writer
Eliana Wood;36;1987-05-19;US;Psychologist
Finn Bennett;31;1992-10-03;CA;Consultant
Gianna Reed;44;1979-04-17;GB;Musician
Henry Hayes;23;2000-08-30;AU;Dentist
Isla Foster;39;1984-01-12;NZ;Pilot
Jaxon Rivera;28;1995-07-25;IE;Veterinarian
Kylie Cook;35;1988-12-08;US;Data Scientist
Liam Gray;30;1993-05-22;CA;Professor
Maya Patel;26;1997-10-15;GB;Journalist
Nathan Hughes;41;1982-03-28;AU;Designer
Olivia Powell;24;1999-09-11;NZ;Teacher
Parker Simmons;37;1986-02-14;IE;Student
Quinn Brooks;29;1994-06-07;US;Engineer
Riley Morgan;34;1989-11-20;CA;Artist
Sofia Wood;43;1980-08-03;GB;Doctor
Tyler Bennett;22;2001-01-26;AU;Nurse
Uma Flores;38;1985-07-19;NZ;Lawyer
Victor Powell;27;1996-12-12;IE;Chef
Willow Simmons;36;1987-04-25;US;Architect
Xander Brooks;25;1998-09-08;CA;Web Developer
Yara Morgan;40;1983-02-14;GB;Photographer
Zane Kim;31;1992-05-30;AU;Writer
Abigail Park;28;1995-10-23;NZ;Psychologist
Benjamin Ruiz;39;1984-03-17;IE;Consultant
Chloe Morgan;26;1997-08-22;US;Musician
Daniel Brooks;35;1988-01-15;CA;Dentist
Eliana Wood;30;1993-06-28;GB;Pilot
Finn Bennett;41;1982-11-14;AU;Veterinarian
Gianna Reed;24;1999-04-07;NZ;Data Scientist
Henry Hayes;37;1986-09-30;IE;Professor
Isla Foster;29;1994-02-12;US;Journalist
Jaxon Rivera;34;1989-07-25;CA;Designer
Kylie Cook;23;2000-12-18;GB;Teacher
Liam Gray;42;1981-05-19;AU;Student
Maya Patel;27;1996-10-11;NZ;Engineer
Nathan Hughes;36;1987-03-28;IE;Artist
Olivia Powell;25;1998-08-14;US;Doctor
Parker Simmons;38;1985-01-30;CA;Nurse
Quinn Brooks;31;1992-06-22;GB;Lawyer
Riley Morgan;28;1995-11-15;AU;Chef
Sofia Wood;44;1979-04-17;NZ;Architect
Tyler Bennett;22;2001-09-28;IE;Web Developer
Uma Flores;39;1984-02-14;US;Photographer
Victor Powell;26;1997-07-19;CA;Writer
Willow Simmons;35;1988-12-08;GB;Psychologist
Xander Brooks;30;1993-05-22;AU;Consultant
Yara Morgan;41;1982-10-03;NZ;Musician
Zane Kim;27;1996-03-17;IE;Dentist
Abigail Park;34;1989-08-30;US;Pilot
Benjamin Ruiz;23;2000-01-12;CA;Veterinarian
Chloe Morgan;40;1983-06-25;GB;Data Scientist
Daniel Brooks;29;1994-09-14;AU;Professor
Eliana Wood;36;1987-02-28;NZ;Journalist
Finn Bennett;25;1998-07-19;IE;Designer
Gianna Reed;38;1985-04-12;US;Teacher
Henry Hayes;31;1992-11-05;CA;Student
Isla Foster;42;1981-08-17;GB;Engineer
Jaxon Rivera;28;1995-03-30;AU;Artist
Kylie Cook;37;1986-10-22;NZ;Doctor
Liam Gray;24;1999-05-15;IE;Nurse
Maya Patel;33;1990-12-08;US;Lawyer
Nathan Hughes;26;1997-09-21;CA;Chef
Olivia Powell;39;1984-02-14;GB;Architect
Parker Simmons;30;1993-07-28;AU;Web Developer
Quinn Brooks;35;1988-01-19;NZ;Photographer
Riley Morgan;22;2001-04-30;IE;Writer
Sofia Wood;43;1980-11-14;US;Psychologist
Tyler Bennett;27;1996-06-07;CA;Consultant
Uma Flores;40;1983-09-22;GB;Musician
Victor Powell;29;1994-02-15;AU;Dentist
Willow Simmons;34;1989-07-30;NZ;Pilot
Xander Brooks;25;1998-12-12;IE;Veterinarian
Yara Morgan;38;1985-05-19;US;Data Scientist
Zane Kim;31;1992-10-03;CA;Professor
Abigail Park;24;1999-03-17;GB;Journalist
Benjamin Ruiz;37;1986-08-22;AU;Designer
Chloe Morgan;28;1995-01-15;NZ;Teacher
Daniel Brooks;41;1982-06-28;IE;Student
Eliana Wood;26;1997-11-11;US;Engineer
Finn Bennett;35;1988-04-14;CA;Artist
Gianna Reed;30;1993-09-27;GB;Doctor
Henry Hayes;39;1984-02-12;AU;Nurse
Isla Foster;23;2000-07-19;NZ;Lawyer
Jaxon Rivera;36;1987-12-08;IE;Chef
Kylie Cook;27;1996-05-22;US;Architect
Liam Gray;42;1981-10-15;CA;Web Developer
Maya Patel;29;1994-03-28;GB;Photographer
Nathan Hughes;34;1989-08-11;AU;Writer
Olivia Powell;25;1998-01-30;NZ;Psychologist
Parker Simmons;38;1985-06-14;IE;Consultant
Quinn Brooks;31;1992-11-27;US;Musician
Riley Morgan;24;1999-04-10;CA;Dentist
Sofia Wood;43;1980-09-22;GB;Pilot
Tyler Bennett;22;2001-02-15;AU;Veterinarian
Uma Flores;37;1986-07-28;NZ;Data Scientist
Victor Powell;30;1993-12-12;IE;Professor
Willow Simmons;35;1988-05-19;US;Journalist
Xander Brooks;28;1995-10-03;CA;Designer
Yara Morgan;41;1982-03-17;GB;Teacher
Zane Kim;26;1997-08-22;AU;Student
Abigail Park;39;1984-01-14;NZ;Engineer
Benjamin Ruiz;27;1996-06-07;IE;Artist
Chloe Morgan;34;1989-11-20;US;Doctor
Daniel Brooks;23;2000-04-30;CA;Nurse
Eliana Wood;40;1983-09-12;GB;Lawyer
Finn Bennett;29;1994-02-25;AU;Chef
Gianna Reed;36;1987-05-19;NZ;Architect
Henry Hayes;25;1998-10-11;IE;Web Developer
Isla Foster;42;1981-07-14;US;Photographer
Jaxon Rivera;31;1992-12-28;CA;Writer
Kylie Cook;28;1995-05-22;GB;Psychologist
Liam Gray;37;1986-02-14;AU;Consultant
Maya Patel;24;1999-09-07;NZ;Musician
Nathan Hughes;33;1990-04-12;IE;Dentist
Olivia Powell;38;1985-01-30;US;Pilot
Parker Simmons;27;1996-08-22;CA;Veterinarian
Quinn Brooks;34;1989-03-17;GB;Data Scientist
Riley Morgan;29;1994-06-30;AU;Professor
Sofia Wood;44;1979-12-08;NZ;Journalist
Tyler Bennett;22;2001-05-19;IE;Designer
Uma Flores;39;1984-10-03;US;Teacher
Victor Powell;26;1997-01-15;CA;Student
Willow Simmons;35;1988-06-28;GB;Engineer
Xander Brooks;30;1993-11-11;AU;Artist
Yara Morgan;41;1982-04-14;NZ;Doctor
Zane Kim;28;1995-09-27;IE;Nurse
Abigail Park;37;1986-02-12;US;Lawyer
Benjamin Ruiz;24;1999-07-19;CA;Chef
Chloe Morgan;33;1990-12-22;GB;Architect
Daniel Brooks;40;1983-05-15;AU;Web Developer
Eliana Wood;27;1996-10-08;NZ;Photographer
Finn Bennett;36;1987-03-22;IE;Writer
Gianna Reed;25;1998-08-14;US;Psychologist
Henry Hayes;42;1981-01-30;CA;Consultant
Isla Foster;29;1994-06-07;GB;Musician
Jaxon Rivera;34;1989-09-22;AU;Dentist
Kylie Cook;23;2000-02-15;NZ;Pilot
Liam Gray;38;1985-07-28;IE;Veterinarian
Maya Patel;31;1992-12-12;US;Data Scientist
Nathan Hughes;26;1997-05-19;CA;Professor
Olivia Powell;39;1984-10-03;GB;Journalist
Parker Simmons;28;1995-03-17;AU;Designer
Quinn Brooks;35;1988-08-22;NZ;Teacher
Riley Morgan;22;2001-01-14;IE;Student
Sofia Wood;43;1980-06-28;US;Engineer
Tyler Bennett;27;1996-11-11;CA;Artist
Uma Flores;36;1987-04-14;GB;Doctor
Victor Powell;29;1994-09-27;AU;Nurse
Willow Simmons;34;1989-02-12;NZ;Lawyer
Xander Brooks;25;1998-07-19;IE;Chef
Yara Morgan;40;1983-12-08;US;Architect
Zane Kim;31;1992-05-22;CA;Web Developer
Abigail Park;24;1999-10-15;GB;Photographer
Benjamin Ruiz;37;1986-03-28;AU;Writer
Chloe Morgan;28;1995-08-11;NZ;Psychologist
Daniel Brooks;41;1982-01-30;IE;Consultant
Eliana Wood;26;1997-06-14;US;Musician
Finn Bennett;35;1988-09-22;CA;Dentist
Gianna Reed;30;1993-04-17;GB;Pilot
Henry Hayes;39;1984-07-19;AU;Veterinarian
Isla Foster;23;2000-12-08;NZ;Data Scientist
Jaxon Rivera;36;1987-05-22;IE;Professor
Kylie Cook;27;1996-10-15;US;Journalist
Liam Gray;42;1981-03-28;CA;Designer
Maya Patel;29;1994-08-11;GB;Teacher
Nathan Hughes;34;1989-01-14;AU;Student
Olivia Powell;25;1998-06-30;NZ;Engineer
Parker Simmons;38;1985-11-22;IE;Artist
Quinn Brooks;31;1992-04-15;US;Doctor
Riley Morgan;24;1999-09-28;CA;Nurse
Sofia Wood;43;1980-02-12;GB;Lawyer
Tyler Bennett;22;2001-07-19;AU;Chef
Uma Flores;37;1986-10-03;NZ;Architect
Victor Powell;30;1993-03-17;IE;Web Developer
Willow Simmons;35;1988-08-22;US;Photographer
Xander Brooks;28;1995-01-15;CA;Writer
Yara Morgan;41;1982-06-28;GB;Psychologist
Zane Kim;26;1997-11-11;AU;Consultant
Abigail Park;39;1984-04-14;NZ;Musician
Benjamin Ruiz;27;1996-09-27;IE;Dentist
Chloe Morgan;34;1989-02-12;US;Pilot
Daniel Brooks;23;2000-05-19;CA;Veterinarian
Eliana Wood;40;1983-08-22;GB;Data Scientist
Finn Bennett;29;1994-01-15;AU;Professor
Gianna Reed;36;1987-06-28;NZ;Journalist
Henry Hayes;25;1998-11-11;IE;Designer
Isla Foster;42;1981-04-14;US;Teacher
Jaxon Rivera;31;1992-09-27;CA;Student
Kylie Cook;28;1995-02-12;GB;Engineer
Liam Gray;37;1986-07-19;AU;Artist
Maya Patel;24;1999-12-08;NZ;Doctor
Nathan Hughes;33;1990-05-22;IE;Nurse
Olivia Powell;38;1985-10-15;US;Lawyer
Parker Simmons;27;1996-03-28;CA;Chef
Quinn Brooks;34;1989-08-11;GB;Architect
Riley Morgan;29;1994-01-30;AU;Web Developer
Sofia Wood;44;1979-07-14;NZ;Photographer
Tyler Bennett;22;2001-10-03;IE;Writer
Uma Flores;39;1984-03-17;US;Psychologist
Victor Powell;26;1997-08-22;CA;Consultant
Willow Simmons;35;1988-01-15;GB;Musician
Xander Brooks;30;1993-06-28;AU;Dentist
Yara Morgan;41;1982-09-22;NZ;Pilot
Zane Kim;28;1995-04-17;IE;Veterinarian
Abigail Park;37;1986-11-11;US;Data Scientist
Benjamin Ruiz;24;1999-02-14;CA;Professor
Chloe Morgan;33;1990-07-19;GB;Journalist
Daniel Brooks;40;1983-12-08;AU;Designer
Eliana Wood;27;1996-05-22;NZ;Teacher
Finn Bennett;36;1987-10-15;IE;Student
Gianna Reed;25;1998-03-28;US;Engineer
Henry Hayes;42;1981-08-11;CA;Artist
Isla Foster;29;1994-01-14;GB;Doctor
Jaxon Rivera;34;1989-06-30;AU;Nurse
Kylie Cook;23;2000-11-22;NZ;Lawyer
Liam Gray;38;1985-04-15;IE;Chef
Maya Patel;31;1992-09-28;US;Architect
Nathan Hughes;26;1997-02-12;CA;Web Developer
Olivia Powell;39;1984-07-19;GB;Photographer
Parker Simmons;28;1995-12-22;AU;Writer
Quinn Brooks;35;1988-05-14;NZ;Psychologist
Riley Morgan;22;2001-08-30;IE;Consultant
Sofia Wood;43;1980-01-15;US;Musician
Tyler Bennett;27;1996-06-28;CA;Dentist
Uma Flores;36;1987-09-22;GB;Pilot
Victor Powell;29;1994-02-15;AU;Veterinarian
Willow Simmons;34;1989-07-30;NZ;Data Scientist
Xander Brooks;25;1998-12-12;IE;Professor
Yara Morgan;40;1983-05-19;US;Journalist
Zane Kim;31;1992-10-03;CA;Designer
Abigail Park;24;1999-03-17;GB;Teacher
Benjamin Ruiz;37;1986-08-22;AU;Student
Chloe Morgan;28;1995-01-15;NZ;Engineer
Daniel Brooks;41;1982-06-28;IE;Artist
Eliana Wood;26;1997-11-11;US;Doctor
Finn Bennett;35;1988-04-14;CA;Nurse
Gianna Reed;30;1993-09-27;GB;Lawyer
Henry Hayes;39;1984-02-12;AU;Chef
Isla Foster;23;2000-07-19;NZ;Architect
Jaxon Rivera;36;1987-12-08;IE;Web Developer
Kylie Cook;27;1996-05-22;US;Photographer
Liam Gray;42;1981-10-15;CA;Writer
Maya Patel;29;1994-03-28;GB;Psychologist
Nathan Hughes;34;1989-08-11;AU;Consultant
Olivia Powell;25;1998-01-30;NZ;Musician
Parker Simmons;38;1985-06-14;IE;Dentist
Quinn Brooks;31;1992-11-27;US;Pilot
Riley Morgan;24;1999-04-10;CA;Veterinarian
Sofia Wood;43;1980-09-22;GB;Data Scientist
Tyler Bennett;22;2001-02-15;AU;Professor
Uma Flores;37;1986-07-28;NZ;Journalist
Victor Powell;30;1993-12-12;IE;Designer
Willow Simmons;35;1988-05-19;US;Teacher
Xander Brooks;28;1995-10-03;CA;Student
Yara Morgan;41;1982-03-17;GB;Engineer
Zane Kim;26;1997-08-22;AU;Artist
Abigail Park;39;1984-01-14;NZ;Doctor
Benjamin Ruiz;27;1996-06-07;IE;Nurse
Chloe Morgan;34;1989-11-20;US;Lawyer
Daniel Brooks;23;2000-04-30;CA;Chef
Eliana Wood;40;1983-09-12;GB;Architect
Finn Bennett;29;1994-02-25;AU;Web Developer
Gianna Reed;36;1987-05-19;NZ;Photographer
Henry Hayes;25;1998-10-11;IE;Writer
Isla Foster;42;1981-07-14;US;Psychologist
Jaxon Rivera;31;1992-12-28;CA;Consultant
Kylie Cook;28;1995-05-22;GB;Musician
Liam Gray;37;1986-02-14;AU;Dentist
Maya Patel;24;1999-09-07;NZ;Pilot
Nathan Hughes;33;1990-04-12;IE;Veterinarian
Olivia Powell;38;1985-01-30;US;Data Scientist
Parker Simmons;27;1996-08-22;CA;Professor
Quinn Brooks;34;1989-03-17;GB;Journalist
Riley Morgan;29;1994-06-30;AU;Designer
Sofia Wood;44;1979-12-08;NZ;Teacher
Tyler Bennett;22;2001-05-19;IE;Student
Uma Flores;39;1984-10-03;US;Engineer
Victor Powell;26;1997-01-15;CA;Artist
Willow Simmons;35;1988-06-28;GB;Doctor
Xander Brooks;30;1993-11-11;AU;Nurse
Yara Morgan;41;1982-04-14;NZ;Lawyer
Zane Kim;28;1995-09-27;IE;Chef
Abigail Park;37;1986-02-12;US;Architect
Benjamin Ruiz;24;1999-07-19;CA;Web Developer
Chloe Morgan;33;1990-12-22;GB;Photographer
Daniel Brooks;40;1983-05-15;AU;Writer
Eliana Wood;27;1996-10-08;NZ;Psychologist
Finn Bennett;36;1987-03-22;IE;Consultant
Gianna Reed;25;1998-08-14;US;Musician
Henry Hayes;42;1981-01-30;CA;Dentist
Isla Foster;29;1994-06-07;GB;Pilot
Jaxon Rivera;34;1989-09-22;AU;Veterinarian
Kylie Cook;23;2000-02-15;NZ;Data Scientist
Liam Gray;38;1985-07-28;IE;Professor
Maya Patel;31;1992-12-12;US;Journalist
Nathan Hughes;26;1997-05-19;CA;Designer
Olivia Powell;39;1984-10-03;GB;Teacher
Parker Simmons;28;1995-03-17;AU;Student
Quinn Brooks;35;1988-08-22;NZ;Engineer
Riley Morgan;22;2001-01-14;IE;Artist
Sofia Wood;43;1980-06-28;US;Doctor
Tyler Bennett;27;1996-11-11;CA;Nurse
Uma Flores;36;1987-04-14;GB;Lawyer
Victor Powell;29;1994-09-27;AU;Chef
Willow Simmons;34;1989-02-12;NZ;Architect
Xander Brooks;25;1998-07-19;IE;Web Developer
Yara Morgan;40;1983-12-08;US;Photographer
Zane Kim;31;1992-05-22;CA;Writer
Abigail Park;24;1999-10-15;GB;Psychologist
Benjamin Ruiz;37;1986-03-28;AU;Consultant
Chloe Morgan;28;1995-08-11;NZ;Musician
Daniel Brooks;41;1982-01-30;IE;Dentist
Eliana Wood;26;1997-06-14;US;Pilot
Finn Bennett;35;1988-09-22;CA;Veterinarian
Gianna Reed;30;1993-04-17;GB;Data Scientist
Henry Hayes;39;1984-07-19;AU;Professor
Isla Foster;23;2000-12-08;NZ;Journalist
Jaxon Rivera;36;1987-05-22;IE;Designer
Kylie Cook;27;1996-10-15;US;Teacher
Liam Gray;42;1981-03-28;CA;Student
Maya Patel;29;1994-08-11;GB;Engineer
Nathan Hughes;34;1989-01-14;AU;Artist
Olivia Powell;25;1998-06-30;NZ;Doctor
Parker Simmons;38;1985-11-22;IE;Nurse
Quinn Brooks;31;1992-04-15;US;Lawyer
Riley Morgan;24;1999-09-28;CA;Chef
Sofia Wood;43;1980-02-12;GB;Architect
Tyler Bennett;22;2001-07-19;AU;Web Developer
Uma Flores;37;1986-10-03;NZ;Photographer
Victor Powell;30;1993-03-17;IE;Writer
Willow Simmons;35;1988-08-22;US;Psychologist
Xander Brooks;28;1995-01-15;CA;Consultant
Yara Morgan;41;1982-06-28;GB;Musician
Zane Kim;26;1997-11-11;AU;Dentist
Abigail Park;39;1984-04-14;NZ;Pilot
Benjamin Ruiz;27;1996-09-27;IE;Veterinarian
Chloe Morgan;34;1989-02-12;US;Data Scientist
Daniel Brooks;23;2000-05-19;CA;Professor
Eliana Wood;40;1983-08-22;GB;Journalist
Finn Bennett;29;1994-01-15;AU;Designer
Gianna Reed;36;1987-06-28;NZ;Teacher
Henry Hayes;25;1998-11-11;IE;Student
Isla Foster;42;1981-04-14;US;Engineer
Jaxon Rivera;31;1992-09-27;CA;Artist
Kylie Cook;28;1995-02-12;GB;Doctor
Liam Gray;37;1986-07-19;AU;Nurse
Maya Patel;24;1999-12-08;NZ;Lawyer
Nathan Hughes;33;1990-05-22;IE;Chef
Olivia Powell;38;1985-10-15;US;Architect
Parker Simmons;27;1996-03-28;CA;Web Developer
Quinn Brooks;34;1989-08-11;GB;Photographer
Riley Morgan;29;1994-01-30;AU;Writer
Sofia Wood;44;1979-07-14;NZ;Psychologist
Tyler Bennett;22;2001-10-03;IE;Consultant
Uma Flores;39;1984-03-17;US;Musician
Victor Powell;26;1997-08-22;CA;Dentist
Willow Simmons;35;1988-01-15;GB;Pilot
Xander Brooks;30;1993-06-28;AU;Veterinarian
Yara Morgan;41;1982-09-22;NZ;Data Scientist
Zane Kim;28;1995-04-17;IE;Professor
Abigail Park;37;1986-11-11;US;Journalist
Benjamin Ruiz;24;1999-02-14;CA;Designer
Chloe Morgan;33;1990-07-19;GB;Teacher
Daniel Brooks;40;1983-12-08;AU;Student
Eliana Wood;27;1996-05-22;NZ;Engineer
Finn Bennett;36;1987-10-15;IE;Artist
Gianna Reed;25;1998-03-28;US;Doctor
Henry Hayes;42;1981-08-11;CA;Nurse
Isla Foster;29;1994-01-14;GB;Lawyer
Jaxon Rivera;34;1989-06-30;AU;Chef
Kylie Cook;23;2000-11-22;NZ;Architect
Liam Gray;38;1985-04-15;IE;Web Developer
Maya Patel;31;1992-09-28;US;Photographer
Nathan Hughes;26;1997-02-12;CA;Writer
Olivia Powell;39;1984-07-19;GB;Psychologist
Parker Simmons;28;1995-12-22;AU;Consultant
Quinn Brooks;35;1988-05-14;NZ;Musician
Riley Morgan;22;2001-08-30;IE;Dentist
Sofia Wood;43;1980-01-15;US;Pilot
Tyler Bennett;27;1996-06-28;CA;Veterinarian
Uma Flores;36;1987-09-22;GB;Data Scientist
Victor Powell;29;1994-02-15;AU;Professor
Willow Simmons;34;1989-07-30;NZ;Journalist
Xander Brooks;25;1998-12-12;IE;Designer
Yara Morgan;40;1983-05-19;US;Teacher
Zane Kim;31;1992-10-03;CA;Student
Abigail Park;24;1999-03-17;GB;Engineer
Benjamin Ruiz;37;1986-08-22;AU;Artist
Chloe Morgan;28;1995-01-15;NZ;Doctor
Daniel Brooks;41;1982-06-28;IE;Nurse
Eliana Wood;26;1997-11-11;US;Lawyer
Finn Bennett;35;1988-04-14;CA;Chef
Gianna Reed;30;1993-09-27;GB;Architect
Henry Hayes;39;1984-02-12;AU;Web Developer
Isla Foster;23;2000-07-19;NZ;Photographer
Jaxon Rivera;36;1987-12-08;IE;Writer
Kylie Cook;27;1996-05-22;US;Psychologist
Liam Gray;42;1981-10-15;CA;Consultant
Maya Patel;29;1994-03-28;GB;Musician
Nathan Hughes;34;1989-08-11;AU;Dentist
Olivia Powell;25;1998-01-30;NZ;Pilot
Parker Simmons;38;1985-06-14;IE;Veterinarian
Quinn Brooks;31;1992-11-27;US;Data Scientist
Riley Morgan;24;1999-04-10;CA;Professor
Sofia Wood;43;1980-09-22;GB;Journalist
Tyler Bennett;22;2001-02-15;AU;Designer
Uma Flores;37;1986-07-28;NZ;Teacher
Victor Powell;30;1993-12-12;IE;Student
Willow Simmons;35;1988-05-19;US;Engineer
Xander Brooks;28;1995-10-03;CA;Artist
Yara Morgan;41;1982-03-17;GB;Doctor
Zane Kim;26;1997-08-22;AU;Nurse
Abigail Park;39;1984-01-14;NZ;Lawyer
Benjamin Ruiz;27;1996-06-07;IE;Chef
Chloe Morgan;34;1989-11-20;US;Architect
Daniel Brooks;23;2000-04-30;CA;Web Developer
Eliana Wood;40;1983-09-12;GB;Photographer
Finn Bennett;29;1994-02-25;AU;Writer
Gianna Reed;36;1987-05-19;NZ;Psychologist
Henry Hayes;25;1998-10-11;IE;Consultant
Isla Foster;42;1981-07-14;US;Musician
Jaxon Rivera;31;1992-12-28;CA;Dentist
Kylie Cook;28;1995-05-22;GB;Pilot
Liam Gray;37;1986-02-14;AU;Veterinarian
Maya Patel;24;1999-09-07;NZ;Data Scientist
Nathan Hughes;33;1990-04-12;IE;Professor
Olivia Powell;38;1985-01-30;US;Journalist
Parker Simmons;27;1996-08-22;CA;Designer
Quinn Brooks;34;1989-03-17;GB;Teacher
Riley Morgan;29;1994-06-30;AU;Student
Sofia Wood;44;1979-12-08;NZ;Engineer
Tyler Bennett;22;2001-05-19;IE;Artist
Uma Flores;39;1984-10-03;US;Doctor
Victor Powell;26;1997-01-15;CA;Nurse
Willow Simmons;35;1988-06-28;GB;Lawyer
Xander Brooks;30;1993-11-11;AU;Chef
Yara Morgan;41;1982-04-14;NZ;Architect
Zane Kim;28;1995-09-27;IE;Web Developer
Abigail Park;37;1986-02-12;US;Photographer
Benjamin Ruiz;24;1999-07-19;CA;Writer
Chloe Morgan;33;1990-12-22;GB;Psychologist
Daniel Brooks;40;1983-05-15;AU;Consultant
Eliana Wood;27;1996-10-08;NZ;Musician
Finn Bennett;36;1987-03-22;IE;Dentist
Gianna Reed;25;1998-08-14;US;Pilot
Henry Hayes;42;1981-01-30;CA;Veterinarian
Isla Foster;29;1994-06-07;GB;Data Scientist
Jaxon Rivera;34;1989-09-22;AU;Professor
Kylie Cook;23;2000-02-15;NZ;Journalist
Liam Gray;38;1985-07-28;IE;Designer
Maya Patel;31;1992-12-12;US;Teacher
Nathan Hughes;26;1997-05-19;CA;Student
Olivia Powell;39;1984-10-03;GB;Engineer
Parker Simmons;28;1995-03-17;AU;Artist
Quinn Brooks;35;1988-08-22;NZ;Doctor
Riley Morgan;22;2001-01-14;IE;Nurse
Sofia Wood;43;1980-06-28;US;Lawyer
Tyler Bennett;27;1996-11-11;CA;Chef
Uma Flores;36;1987-04-14;GB;Architect
Victor Powell;29;1994-09-27;AU;Web Developer
Willow Simmons;34;1989-02-12;NZ;Photographer
Xander Brooks;25;1998-07-19;IE;Writer
Yara Morgan;40;1983-12-08;US;Psychologist
Zane Kim;31;1992-05-22;CA;Consultant
Abigail Park;24;1999-10-15;GB;Musician
Benjamin Ruiz;37;1986-03-28;AU;Dentist
Chloe Morgan;28;1995-08-11;NZ;Pilot
Daniel Brooks;41;1982-01-30;IE;Veterinarian
Eliana Wood;26;1997-06-14;US;Data Scientist
Finn Bennett;35;1988-09-22;CA;Professor
Gianna Reed;30;1993-04-17;GB;Journalist
Henry Hayes;39;1984-07-19;AU;Designer
Isla Foster;23;2000-12-08;NZ;Teacher
Jaxon Rivera;36;1987-05-22;IE;Student
Kylie Cook;27;1996-10-15;US;Engineer
Liam Gray;42;1981-03-28;CA;Artist
Maya Patel;29;1994-08-11;GB;Doctor
Nathan Hughes;34;1989-01-14;AU;Nurse
Olivia Powell;25;1998-06-30;NZ;Lawyer
Parker Simmons;38;1985-11-22;IE;Chef
Quinn Brooks;31;1992-04-15;US;Architect
Riley Morgan;24;1999-09-28;CA;Web Developer
Sofia Wood;43;1980-02-12;GB;Photographer
Tyler Bennett;22;2001-07-19;AU;Writer
Uma Flores;37;1986-10-03;NZ;Psychologist
Victor Powell;30;1993-03-17;IE;Consultant
Willow Simmons;35;1988-08-22;US;Musician
Xander Brooks;28;1995-01-15;CA;Dentist
Yara Morgan;41;1982-06-28;GB;Pilot
Zane Kim;26;1997-11-11;AU;Veterinarian
Abigail Park;39;1984-04-14;NZ;Data Scientist
Benjamin Ruiz;27;1996-09-27;IE;Professor
Chloe Morgan;34;1989-02-12;US;Journalist
Daniel Brooks;23;2000-05-19;CA;Designer
Eliana Wood;40;1983-08-22;GB;Teacher
Finn Bennett;29;1994-01-15;AU;Student
Gianna Reed;36;1987-06-28;NZ;Engineer
Henry Hayes;25;1998-11-11;IE;Artist
Isla Foster;42;1981-04-14;US;Doctor
Jaxon Rivera;31;1992-09-27;CA;Nurse
Kylie Cook;28;1995-02-12;GB;Lawyer
Liam Gray;37;1986-07-19;AU;Chef
Maya Patel;24;1999-12-08;NZ;Architect
Nathan Hughes;33;1990-05-22;IE;Web Developer
Olivia Powell;38;1985-10-15;US;Photographer
Parker Simmons;27;1996-03-28;CA;Writer
Quinn Brooks;34;1989-08-11;GB;Psychologist
Riley Morgan;29;1994-01-30;AU;Consultant
Sofia Wood;44;1979-07-14;NZ;Musician
Tyler Bennett;22;2001-10-03;IE;Dentist
Uma Flores;39;1984-03-17;US;Pilot
Victor Powell;26;1997-08-22;CA;Veterinarian
Willow Simmons;35;1988-01-15;GB;Data Scientist
Xander Brooks;30;1993-06-28;AU;Professor
Yara Morgan;41;1982-09-22;NZ;Journalist
Zane Kim;28;1995-04-17;IE;Designer
Abigail Park;37;1986-11-11;US;Teacher
Benjamin Ruiz;24;1999-02-14;CA;Student
Chloe Morgan;33;1990-07-19;GB;Engineer
Daniel Brooks;40;1983-12-08;AU;Artist
Eliana Wood;27;1996-05-22;NZ;Doctor
Finn Bennett;36;1987-10-15;IE;Nurse
Gianna Reed;25;1998-03-28;US;Lawyer
Henry Hayes;42;1981-08-11;CA;Chef
Isla Foster;29;1994-01-14;GB;Architect
Jaxon Rivera;34;1989-06-30;AU;Web Developer
Kylie Cook;23;2000-11-22;NZ;Photographer
Liam Gray;38;1985-04-15;IE;Writer
Maya Patel;31;1992-09-28;US;Psychologist
Nathan Hughes;26;1997-02-12;CA;Consultant
Olivia Powell;39;1984-07-19;GB;Musician
Parker Simmons;28;1995-12-22;AU;Dentist
Quinn Brooks;35;1988-05-14;NZ;Pilot
Riley Morgan;22;2001-08-30;IE;Veterinarian
Sofia Wood;43;1980-01-15;US;Data Scientist
Tyler Bennett;27;1996-06-28;CA;Professor
Uma Flores;36;1987-09-22;GB;Journalist
Victor Powell;29;1994-02-15;AU;Designer
Willow Simmons;34;1989-07-30;NZ;Teacher
Xander Brooks;25;1998-12-12;IE;Student
Yara Morgan;40;1983-05-19;US;Engineer
Zane Kim;31;1992-10-03;CA;Artist
Abigail Park;24;1999-03-17;GB;Doctor
Benjamin Ruiz;37;1986-08-22;AU;Nurse
Chloe Morgan;28;1995-01-15;NZ;Lawyer
Daniel Brooks;41;1982-06-28;IE;Chef
Eliana Wood;26;1997-11-11;US;Architect
Finn Bennett;35;1988-04-14;CA;Web Developer
Gianna Reed;30;1993-09-27;GB;Photographer
Henry Hayes;39;1984-02-12;AU;Writer
Isla Foster;23;2000-07-19;NZ;Psychologist
Jaxon Rivera;36;1987-12-08;IE;Consultant
Kylie Cook;27;1996-05-22;US;Musician
Liam Gray;42;1981-10-15;CA;Dentist
Maya Patel;29;1994-03-28;GB;Pilot
Nathan Hughes;34;1989-08-11;AU;Veterinarian
Olivia Powell;25;1998-06-30;NZ;Data Scientist
Parker Simmons;38;1985-11-22;IE;Professor
Quinn Brooks;31;1992-04-15;US;Journalist
Riley Morgan;24;1999-09-28;CA;Designer
Sofia Wood;43;1980-02-12;GB;Teacher
Tyler Bennett;22;2001-07-19;AU;Student
Uma Flores;37;1986-10-03;NZ;Engineer
Victor Powell;30;1993-03-17;IE;Artist
Willow Simmons;35;1988-08-22;US;Doctor
Xander Brooks;28;1995-01-15;CA;Nurse
Yara Morgan;41;1982-06-28;GB;Lawyer
Zane Kim;26;1997-11-11;AU;Chef
Abigail Park;39;1984-04-14;NZ;Architect
Benjamin Ruiz;27;1996-09-27;IE;Web Developer
Chloe Morgan;34;1989-02-12;US;Photographer
Daniel Brooks;23;2000-05-19;CA;Writer
Eliana Wood;40;1983-09-12;GB;Psychologist
Finn Bennett;29;1994-01-15;AU;Consultant
Gianna Reed;36;1987-05-19;NZ;Musician
Henry Hayes;25;1998-10-11;IE;Dentist
Isla Foster;42;1981-07-14;US;Pilot
Jaxon Rivera;31;1992-12-28;CA;Veterinarian
Kylie Cook;28;1995-05-22;GB;Data Scientist
Liam Gray;37;1986-02-14;AU;Professor
Maya Patel;24;1999-09-07;NZ;Journalist
Nathan Hughes;33;1990-04-12;IE;Designer
Olivia Powell;38;1985-01-30;US;Teacher
Parker Simmons;27;1996-08-22;CA;Student
Quinn Brooks;34;1989-03-17;GB;Engineer
Riley Morgan;29;1994-06-30;AU;Artist
Sofia Wood;44;1979-07-14;NZ;Doctor
Tyler Bennett;22;2001-10-03;IE;Nurse
Uma Flores;39;1984-03-17;US;Lawyer
Victor Powell;26;1997-08-22;CA;Chef
Willow Simmons;35;1988-01-15;GB;Architect
Xander Brooks;30;1993-06-28;AU;Web Developer
Yara Morgan;41;1982-09-22;NZ;Photographer
Zane Kim;28;1995-04-17;IE;Writer
Abigail Park;37;1986-11-11;US;Psychologist
Benjamin Ruiz;24;1999-02-14;CA;Consultant
Chloe Morgan;33;1990-07-19;GB;Musician
Daniel Brooks;40;1983-12-08;AU;Dentist
Eliana Wood;27;1996-05-22;NZ;Pilot
Finn Bennett;36;1987-10-15;IE;Veterinarian
Gianna Reed;25;1998-03-28;US;Data Scientist
Henry Hayes;42;1981-08-11;CA;Professor
Isla Foster;29;1994-01-14;GB;Journalist
Jaxon Rivera;34;1989-06-30;AU;Designer
Kylie Cook;23;2000-11-22;NZ;Teacher
Liam Gray;38;1985-04-15;IE;Student
Maya Patel;31;1992-09-28;US;Engineer
Nathan Hughes;26;1997-02-12;CA;Artist
Olivia Powell;39;1984-07-19;GB;Doctor
Parker Simmons;28;1995-12-22;AU;Nurse
Quinn Brooks;35;1988-05-14;NZ;Lawyer
Riley Morgan;22;2001-08-30;IE;Chef
Sofia Wood;43;1980-01-15;US;Architect
Tyler Bennett;27;1996-06-28;CA;Web Developer
Uma Flores;36;1987-04-14;GB;Photographer
Victor Powell;29;1994-09-27;AU;Writer
Willow Simmons;34;1989-02-12;NZ;Psychologist
Xander Brooks;25;1998-07-19;IE;Consultant
Yara Morgan;40;1983-12-08;US;Musician
Zane Kim;31;1992-05-22;CA;Dentist
Abigail Park;24;1999-03-17;GB;Pilot
Benjamin Ruiz;37;1986-08-22;AU;Veterinarian
Chloe Morgan;28;1995-01-15;NZ;Data Scientist
Daniel Brooks;41;1982-06-28;IE;Professor
Eliana Wood;26;1997-11-11;US;Journalist
Finn Bennett;35;1988-04-14;CA;Designer
Gianna Reed;30;1993-09-27;GB;Teacher
Henry Hayes;39;1984-02-12;AU;Student
Isla Foster;23;2000-07-19;NZ;Engineer
Jaxon Rivera;36;1987-12-08;IE;Artist
Kylie Cook;27;1996-05-22;US;Doctor
Liam Gray;42;1981-10-15;CA;Nurse
Maya Patel;29;1994-03-28;GB;Lawyer
Nathan Hughes;34;1989-08-11;AU;Chef
Olivia Powell;25;1998-06-30;NZ;Architect
Parker Simmons;38;1985-11-22;IE;Web Developer
Quinn Brooks;31;1992-04-15;US;Photographer
Riley Morgan;24;1999-09-28;CA;Writer
Sofia Wood;43;1980-02-12;GB;Psychologist
Tyler Bennett;22;2001-07-19;AU;Consultant
Uma Flores;37;1986-10-03;NZ;Musician
Victor Powell;30;1993-03-17;IE;Dentist
Willow Simmons;35;1988-08-22;US;Pilot
Xander Brooks;28;1995-01-15;CA;Veterinarian
Yara Morgan;41;1982-06-28;GB;Data Scientist
Zane Kim;26;1997-11-11;AU;Professor
Abigail Park;39;1984-04-14;NZ;Journalist
Benjamin Ruiz;27;1996-09-27;IE;Designer
Chloe Morgan;34;1989-02-12;US;Teacher
Daniel Brooks;23;2000-05-19;CA;Student
Eliana Wood;40;1983-09-12;GB;Engineer
Finn Bennett;29;1994-01-15;AU;Artist
Gianna Reed;36;1987-05-19;NZ;Doctor
Henry Hayes;25;1998-10-11;IE;Nurse
Isla Foster;42;1981-07-14;US;Lawyer
Jaxon Rivera;31;1992-12-28;CA;Chef
Kylie Cook;28;1995-05-22;GB;Architect
Liam Gray;37;1986-02-14;AU;Web Developer
Maya Patel;24;1999-09-07;NZ;Photographer
Nathan Hughes;33;1990-04-12;IE;Writer
Olivia Powell;38;1985-01-30;US;Psychologist
Parker Simmons;27;1996-08-22;CA;Consultant
Quinn Brooks;34;1989-03-17;GB;Musician
Riley Morgan;29;1994-06-30;AU;Dentist
Sofia Wood;43;1980-02-12;NZ;Pilot
Tyler Bennett;22;2001-07-19;IE;Veterinarian
Uma Flores;39;1984-10-03;US;Data Scientist
Victor Powell;26;1997-01-15;CA;Professor
Willow Simmons;35;1988-06-28;GB;Journalist
Xander Brooks;30;1993-11-11;AU;Designer
Yara Morgan;40;1983-05-19;NZ;Teacher
Zane Kim;31;1992-10-03;IE;Student
Abigail Park;37;1986-02-12;US;Engineer
Benjamin Ruiz;24;1999-07-19;CA;Artist
Chloe Morgan;33;1990-12-22;GB;Doctor
Daniel Brooks;40;1983-05-15;AU;Nurse
Eliana Wood;27;1996-05-22;NZ;Lawyer
Finn Bennett;36;1987-10-15;IE;Chef
Gianna Reed;25;1998-08-14;US;Architect
Henry Hayes;42;1981-08-11;CA;Web Developer
Isla Foster;29;1994-01-14;GB;Photographer
Jaxon Rivera;34;1989-06-30;AU;Writer
Kylie Cook;23;2000-11-22;NZ;Psychologist
Liam Gray;38;1985-04-15;IE;Consultant
Maya Patel;31;1992-09-28;US;Musician
Nathan Hughes;26;1997-02-12;CA;Dentist
Olivia Powell;39;1984-07-19;GB;Pilot
Parker Simmons;28;1995-12-22;AU;Veterinarian
Quinn Brooks;35;1988-05-14;NZ;Data Scientist
Riley Morgan;22;2001-08-30;IE;Professor
Sofia Wood;43;1980-01-15;US;Journalist
Tyler Bennett;27;1996-06-28;CA;Designer
Uma Flores;36;1987-04-14;GB;Teacher
Victor Powell;29;1994-09-27;AU;Student
Willow Simmons;34;1989-02-12;NZ;Engineer
Xander Brooks;25;1998-07-19;IE;Artist
Yara Morgan;41;1982-03-17;US;Doctor
Zane Kim;28;1995-09-27;CA;Nurse
Abigail Park;39;1984-04-14;NZ;Lawyer
Benjamin Ruiz;27;1996-09-27;IE;Chef
Chloe Morgan;34;1989-02-12;US;Architect
Daniel Brooks;23;2000-05-19;CA;Web Developer
Eliana Wood;40;1983-09-12;GB;Photographer
Finn Bennett;29;1994-01-15;AU;Writer
Gianna Reed;36;1987-05-19;NZ;Psychologist
Henry Hayes;25;1998-10-11;IE;Consultant
Isla Foster;42;1981-07-14;US;Musician
Jaxon Rivera;31;1992-12-28;CA;Dentist
Kylie Cook;28;1995-05-22;GB;Pilot
Liam Gray;37;1986-02-14;AU;Veterinarian
Maya Patel;24;1999-09-07;NZ;Data Scientist
Nathan Hughes;33;1990-04-12;IE;Professor
Olivia Powell;38;1985-01-30;US;Journalist
Parker Simmons;27;1996-08-22;CA;Designer
Quinn Brooks;34;1989-03-17;GB;Teacher
Riley Morgan;29;1994-06-30;AU;Student
Sofia Wood;43;1980-02-12;NZ;Engineer
Tyler Bennett;22;2001-07-19;IE;Artist
Uma Flores;39;1984-10-03;US;Doctor
Victor Powell;26;1997-01-15;CA;Nurse
Willow Simmons;35;1988-06-28;GB;Lawyer
Xander Brooks;30;1993-11-11;AU;Chef
Yara Morgan;41;1982-04-14;NZ;Architect
Zane Kim;28;1995-09-27;IE;Web Developer
Abigail Park;37;1986-11-11;US;Photographer
Benjamin Ruiz;24;1999-02-14;CA;Writer
Chloe Morgan;33;1990-07-19;GB;Psychologist
Daniel Brooks;40;1983-12-08;AU;Consultant
Eliana Wood;27;1996-05-22;NZ;Musician
Finn Bennett;36;1987-10-15;IE;Dentist
Gianna Reed;25;1998-03-28;US;Pilot
Henry Hayes;42;1981-08-11;CA;Veterinarian
Isla Foster;29;1994-01-14;GB;Data Scientist
Jaxon Rivera;34;1989-06-30;AU;Professor
Kylie Cook;23;2000-11-22;NZ;Journalist
Liam Gray;38;1985-04-15;IE;Designer
Maya Patel;31;1992-09-28;US;Teacher
Nathan Hughes;26;1997-02-12;CA;Student
Olivia Powell;39;1984-07-19;GB;Engineer
Parker Simmons;28;1995-12-22;AU;Artist
Quinn Brooks;35;1988-05-14;NZ;Doctor
Riley Morgan;22;2001-08-30;IE;Nurse
Sofia Wood;43;1980-01-15;US;Lawyer
Tyler Bennett;27;1996-06-28;CA;Chef
Uma Flores;36;1987-04-14;GB;Architect
Victor Powell;29;1994-02-15;AU;Web Developer
Willow Simmons;34;1989-07-30;NZ;Photographer
Xander Brooks;25;1998-12-12;IE;Writer
Yara Morgan;40;1983-05-19;US;Psychologist
Zane Kim;31;1992-10-03;CA;Consultant
Abigail Park;24;1999-03-17;GB;Musician
Benjamin Ruiz;37;1986-08-22;AU;Dentist
Chloe Morgan;28;1995-01-15;NZ;Pilot
Daniel Brooks;41;1982-06-28;IE;Veterinarian
Eliana Wood;26;1997-11-11;US;Data Scientist
Finn Bennett;35;1988-04-14;CA;Professor
Gianna Reed;30;1993-09-27;GB;Journalist
Henry Hayes;39;1984-02-12;AU;Designer
Isla Foster;23;2000-07-19;NZ;Teacher
Jaxon Rivera;36;1987-12-08;IE;Student
Kylie Cook;27;1996-05-22;US;Engineer
Liam Gray;42;1981-10-15;CA;Artist
Maya Patel;29;1994-03-28;GB;Doctor
Nathan Hughes;34;1989-08-11;AU;Nurse
Olivia Powell;25;1998-06-30;NZ;Lawyer
Parker Simmons;38;1985-11-22;IE;Chef
Quinn Brooks;31;1992-04-15;US;Architect
Riley Morgan;24;1999-09-28;CA;Web Developer
Sofia Wood;43;1980-02-12;GB;Photographer
Tyler Bennett;22;2001-07-19;AU;Writer
Uma Flores;37;1986-10-03;NZ;Psychologist
Victor Powell;30;1993-03-17;IE;Consultant
Willow Simmons;35;1988-08-22;US;Musician
Xander Brooks;28;1995-01-15;CA;Dentist
Yara Morgan;41;1982-06-28;GB;Pilot
Zane Kim;26;1997-11-11;AU;Veterinarian
Abigail Park;39;1984-04-14;NZ;Data Scientist
Benjamin Ruiz;27;1996-09-27;IE;Professor
Chloe Morgan;34;1989-02-12;US;Journalist
Daniel Brooks;23;2000-05-19;CA;Designer
Eliana Wood;40;1983-09-12;GB;Teacher
Finn Bennett;29;1994-01-15;AU;Student
Gianna Reed;36;1987-05-19;NZ;Engineer
Henry Hayes;25;1998-10-11;IE;Artist
Isla Foster;42;1981-07-14;US;Doctor
Jaxon Rivera;31;1992-12-28;CA;Nurse
Kylie Cook;28;1995-05-22;GB;Lawyer
Liam Gray;37;1986-02-14;AU;Chef
Maya Patel;24;1999-09-07;NZ;Architect
Nathan Hughes;33;1990-04-12;IE;Web Developer
Olivia Powell;38;1985-01-30;US;Photographer
Parker Simmons;27;1996-08-22;CA;Writer
Quinn Brooks;34;1989-03-17;GB;Psychologist
Riley Morgan;29;1994-06-30;AU;Consultant
Sofia Wood;43;1980-02-12;NZ;Musician
Tyler Bennett;22;2001-07-19;IE;Dentist
Uma Flores;39;1984-10-03;US;Pilot
Victor Powell;26;1997-01-15;CA;Veterinarian
Willow Simmons;35;1988-06-28;GB;Data Scientist
Xander Brooks;30;1993-11-11;AU;Professor
Yara Morgan;40;1983-05-19;NZ;Journalist
Zane Kim;31;1992-10-03;IE;Designer
Abigail Park;37;1986-02-12;US;Teacher
Benjamin Ruiz;24;1999-07-19;CA;Student
Chloe Morgan;33;1990-12-22;GB;Engineer
Daniel Brooks;40;1983-05-15;AU;Artist
Eliana Wood;27;1996-05-22;NZ;Doctor
Finn Bennett;36;1987-10-15;IE;Nurse
Gianna Reed;25;1998-08-14;US;Lawyer
Henry Hayes;42;1981-08-11;CA;Chef
Isla Foster;29;1994-01-14;GB;Architect
Jaxon Rivera;34;1989-06-30;AU;Web Developer
Kylie Cook;23;2000-11-22;NZ;Photographer
Liam Gray;38;1985-04-15;IE;Writer
Maya Patel;31;1992-09-28;US;Psychologist
Nathan Hughes;26;1997-02-12;CA;Consultant
Olivia Powell;39;1984-07-19;GB;Musician
Parker Simmons;28;1995-12-22;AU;Dentist
Quinn Brooks;35;1988-05-14;NZ;Pilot
Riley Morgan;22;2001-08-30;IE;Veterinarian
Sofia Wood;43;1980-01-15;US;Data Scientist
Tyler Bennett;27;1996-06-28;CA;Professor
Uma Flores;36;1987-04-14;GB;Journalist
Victor Powell;29;1994-02-15;AU;Designer
Willow Simmons;34;1989-07-30;NZ;Teacher
Xander Brooks;25;1998-12-12;IE;Student
Yara Morgan;41;1982-03-17;US;Engineer
Zane Kim;28;1995-09-27;CA;Artist
Abigail Park;39;1984-04-14;NZ;Doctor
Benjamin Ruiz;27;1996-09-27;IE;Nurse
Chloe Morgan;34;1989-02-12;US;Lawyer
Daniel Brooks;23;2000-05-19;CA;Chef
Eliana Wood;40;1983-09-12;GB;Architect
Finn Bennett;29;1994-01-15;AU;Web Developer
Gianna Reed;36;1987-05-19;NZ;Photographer
Henry Hayes;25;1998-10-11;IE;Writer
Isla Foster;42;1981-07-14;US;Psychologist
Jaxon Rivera;31;1992-12-28;CA;Consultant
Kylie Cook;28;1995-05-22;GB;Musician
Liam Gray;37;1986-02-14;AU;Dentist
Maya Patel;24;1999-09-07;NZ;Pilot